<?xml version='1.0' encoding='ISO-8859-1' ?>

<toc version="2.0">

	<tocitem text="TaskUnifier Help" target="taskunifier">
		
		<tocitem text="Introduction" target="taskunifier" />
		
		<tocitem text="Quick Start" target="quick_start" />
		
		<tocitem text="What's new" target="whats_new" />
		
		<tocitem text="TaskUnifier Pro" target="taskunifier_pro" />

        <tocitem text="OrganiTask" target="organitask" />

		<tocitem text="Views">

			<tocitem text="Calendar" target="view_calendar" />
	
			<tocitem text="Notes" target="view_notes">
		
				<tocitem text="Introduction" target="view_notes" />
			
				<tocitem text="Note Searcher" target="note_searcher" />
			
			</tocitem>

			<tocitem text="Tasks" target="view_tasks">
		
				<tocitem text="Introduction" target="view_tasks" />
			
				<tocitem text="Manage Task Templates" target="manage_task_templates" />
				<tocitem text="Batch add tasks" target="task_batchaddtasks" />
				<tocitem text="Task Contacts" target="task_contacts" />
				<tocitem text="Task Importance" target="task_importance" />
				<tocitem text="Task Files" target="task_files" />
				<tocitem text="Manually sort tasks" target="task_manually_sort_tasks" />
				<tocitem text="Task Note" target="task_note" />
				<tocitem text="Task Quick Creation" target="task_quick_add" />
				<tocitem text="Task Repeat" target="task_repeat" />
				<tocitem text="Task Searcher" target="task_searcher" />
				<tocitem text="Task Tasks" target="task_tasks" />
			
			</tocitem>
		
		</tocitem>

		<tocitem text="Synchronization" target="synchronization">
		
			<tocitem text="Introduction" target="synchronization" />

			<tocitem text="Scheduled Synchronization" target="scheduled_sync" />
		
		</tocitem>

		<tocitem text="Configuration">
		
			<tocitem text="General" target="configuration_general" />
			<tocitem text="Date" target="configuration_date" />
			<tocitem text="Backup" target="configuration_backup" />
			<tocitem text="Proxy" target="configuration_proxy" />
			<tocitem text="Searcher" target="configuration_searcher" />
			
			<tocitem text="Theme">
			
				<tocitem text="General" target="configuration_theme_general" />
				<tocitem text="Note and task fields" target="configuration_theme_fields" />
				<tocitem text="Importance" target="configuration_theme_importance" />
				<tocitem text="Priority" target="configuration_theme_priority" />
		
			</tocitem>
			
			<tocitem text="Advanced" target="configuration_advanced" />
			<tocitem text="Publication" target="configuration_publication" />
			<tocitem text="Synchronization" target="configuration_synchronization" />
		
		</tocitem>

		<tocitem text="Shortcuts" target="shortcuts" />
		
	</tocitem>

</toc>
